ID,Độ tuổi,Hôn nhân,Sở hữu BĐS,Thu nhập,Rủi ro tín dụng
1,25,Độc thân,Ở cùng bố mẹ,7000000,0
2,40,Đã kết hôn,Nhà sở hữu,18000000,0
3,35,Từng ly hôn,Nhà thuê,12000000,1
4,27,Đã kết hôn,Ở cùng bố mẹ,9000000,1
5,31,Độc thân,Nhà thuê,6000000,1
6,36,Đã kết hôn,Nhà sở hữu,8000000,1
7,48,Độc thân,Nhà thuê,7000000,0
8,26,Đã kết hôn,Nhà thuê,8000000,1
9,33,Từng ly hôn,Ở cùng bố mẹ,5000000,1
10,29,Độc thân,Nhà thuê,10000000,0
11,38,Đã kết hôn,Nhà sở hữu,15000000,0
12,44,Độc thân,Nhà sở hữu,14000000,1
13,42,Đã kết hôn,Nhà sở hữu,10000000,0
14,28,Độc thân,Nhà thuê,7000000,1
15,30,Đã kết hôn,Ở cùng bố mẹ,6000000,1
